local_rank,rank,team_code,rating,rank_max,rating_max,rank_avg,rating_avg,rank_min,rating_min,rank_three_month_change,rating_three_month_change,rank_six_month_change,rating_six_month_change,rank_one_year_change,rating_one_year_change,rank_two_year_change,rating_two_year_change,rank_five_year_change,rating_five_year_change,rank_ten_year_change,rating_ten_year_change,total,home,away,neutral,wins,losses,draws,goals_for,goals_against,rank_chg,rating_chg,team
1,1,ES,2165,1,2189,7,1946,19,1805,0,−7,0,−7,0,+15,+3,+146,+3,+130,+3,+163,780,340,302,138,461,138,181,1591,697,,,Spain
2,2,AR,2113,1,2172,5,1987,26,1751,0,0,0,0,0,−28,−1,−27,+5,+119,−1,+63,1109,381,419,309,610,228,271,2112,1136,,,Argentina
3,3,FR,2081,1,2135,16,1795,40,1514,0,+19,0,+19,0,+51,−1,−3,0,−1,+3,+111,938,473,341,124,474,269,195,1706,1272,,,France
4,4,EN,2020,1,2213,4,1983,17,1810,0,−22,0,−22,0,+9,+2,+22,+4,+43,+4,+56,1160,509,524,127,683,215,262,2719,1118,,,England
5,5,BR,1984,1,2195,4,1998,20,1805,+1,+6,+1,+6,0,−9,−2,−43,−4,−151,−2,−38,1065,372,346,347,670,172,223,2294,954,,,Brazil
5,5,PT,1984,2,2060,19,1797,41,1624,+2,+8,+2,+8,+1,−4,0,−28,0,−50,+7,+72,694,320,262,112,346,189,159,1222,779,,,Portugal
7,7,CO,1975,3,2069,48,1621,102,1304,−2,−23,−2,−23,+2,+24,−1,−23,+7,+79,−2,−6,648,184,229,235,265,205,178,842,741,,,Colombia
8,8,NL,1961,1,2153,15,1848,55,1553,0,+2,0,+2,0,−5,+2,−7,+2,+7,+5,+61,901,429,358,114,465,239,197,1892,1142,,,Netherlands
9,9,EC,1935,9,1935,64,1525,121,1183,0,+2,0,+2,+3,+24,+5,+62,+10,+107,+5,+63,599,183,211,205,184,254,161,721,904,,,Ecuador
10,10,HR,1930,4,2015,12,1881,28,1780,0,−2,0,−2,+2,+19,+2,−22,+8,+95,+8,+112,398,156,167,75,209,83,106,694,401,,,Croatia
11,11,DE,1923,1,2223,8,1911,25,1637,+1,+13,+1,+13,−4,−64,+2,+3,+1,−10,−9,−109,1045,469,415,161,604,224,217,2352,1232,,,Germany
12,12,NO,1912,6,1944,38,1623,85,1364,−1,−10,−1,−10,+9,+83,+24,+175,+22,+163,+38,+283,886,425,409,52,334,355,197,1373,1443,,,Norway
13,13,JP,1906,9,1913,62,1467,114,1126,+3,+28,+3,+28,+1,+30,+4,+54,+18,+147,+14,+144,836,332,207,297,409,257,170,1518,985,,,Japan
14,14,TR,1902,9,1902,42,1611,77,1358,+1,+22,+1,+22,+4,+65,+17,+153,+10,+103,+3,+81,669,290,300,79,263,250,156,947,969,,,Turkey
15,15,CH,1894,9,1933,27,1690,56,1485,−2,−3,−2,−3,+9,+82,+7,+91,0,+5,+10,+125,896,426,392,78,320,373,203,1339,1483,,,Switzerland
16,16,UY,1892,1,2104,12,1876,44,1636,−2,+2,−2,+2,−6,−29,−7,−89,−5,−60,−9,−73,1019,336,432,251,446,321,252,1610,1254,,,Uruguay
17,17,SN,1878,17,1878,56,1590,107,1387,0,+9,+7,+74,+13,+119,+8,+102,+21,+155,+29,+219,704,221,259,224,319,192,193,967,669,,,Senegal
18,18,DK,1869,1,2074,20,1799,59,1541,0,+5,−1,+5,−3,+8,+1,+47,−9,−103,+18,+144,903,413,396,94,419,298,186,1650,1220,,,Denmark
19,19,MX,1868,4,1985,20,1782,48,1498,+1,+11,+1,+33,+4,+51,+2,+63,−6,−56,−8,−58,1029,297,273,459,534,258,237,1824,1055,,,Mexico
20,20,BE,1867,1,2157,24,1755,70,1503,+1,+17,−1,+17,−4,+23,−12,−119,−18,−239,−10,−61,876,415,375,86,390,302,184,1599,1359,,,Belgium
21,21,IT,1856,1,2134,8,1915,23,1607,−2,−3,−3,−3,−10,−58,−10,−99,−15,−152,−6,−15,901,407,323,171,479,177,245,1579,894,,,Italy
22,22,PY,1833,5,1956,23,1755,51,1619,0,0,−1,0,+5,+33,+20,+127,+5,+64,+11,+87,788,214,365,209,276,303,209,1002,1115,,,Paraguay
23,23,AT,1827,1,2070,20,1810,73,1549,0,+9,0,+9,−5,−10,−7,−30,+10,+73,−3,+36,865,431,383,51,370,310,185,1560,1321,,,Austria
24,24,MA,1822,11,1923,43,1657,86,1510,0,+16,−2,−6,+2,+16,+6,+56,+18,+151,+39,+241,728,318,219,191,364,165,199,1103,614,,,Morocco
25,25,CA,1784,21,1841,49,1599,90,1470,0,−21,0,−18,+4,+6,+14,+69,+30,+172,+54,+274,488,152,200,136,189,185,114,626,623,,,Canada
26,26,AU,1775,11,1876,35,1672,77,1475,+4,+1,+4,+1,+10,+38,+3,+5,+13,+62,+13,+57,636,271,223,142,326,180,130,1289,715,,,Australia
27,27,SQ,1770,1,2104,14,1879,63,1598,0,−20,0,−20,+7,+28,−1,−5,+16,+104,+13,+56,868,403,413,52,412,268,188,1499,1076,,,Scotland
28,28,RS,1769,2,2017,20,1787,46,1515,+3,+1,+3,+1,−11,−74,−4,−19,−4,−30,+9,+45,860,302,423,135,403,265,192,1617,1173,,,Serbia
28,28,NG,1769,16,1826,38,1668,74,1500,+7,+30,+30,+142,+38,+200,+29,+143,+13,+82,+23,+144,715,241,262,212,332,179,204,1078,721,,,Nigeria
30,30,UA,1767,14,1872,31,1745,66,1561,−4,−35,−5,−35,−5,−42,−15,−96,−9,−43,−14,−62,338,134,144,60,153,90,95,475,356,,,Ukraine
31,31,RU,1766,1,2083,24,1742,50,1449,−2,−16,−2,−16,−3,−25,−4,−7,+6,+28,−6,−3,813,311,383,119,430,174,209,1476,779,,,Russia
32,32,IR,1764,13,1853,40,1658,79,1450,+1,+9,+1,+9,−12,−66,−12,−55,−3,−2,+3,+28,669,223,195,251,383,132,154,1273,525,,,Iran
33,33,KR,1756,16,1845,35,1687,84,1445,−5,−28,−5,−28,−1,+10,+4,+24,−2,−3,−14,−38,1051,353,255,443,572,221,258,1912,964,,,South Korea
34,34,GR,1752,7,1931,49,1559,91,1273,−2,−9,−2,−9,−13,−77,0,+13,+14,+114,+24,+148,656,298,295,63,251,249,156,833,906,,,Greece
35,35,DZ,1743,18,1807,48,1621,110,1386,+5,+15,+5,+26,+10,+35,+13,+80,+1,+3,+12,+89,688,261,233,194,309,196,183,1052,703,,,Algeria
36,36,PA,1737,27,1773,99,1362,143,1154,+1,+4,−1,−5,+4,+14,+6,+31,+38,+194,+6,+61,591,200,227,164,196,251,144,736,906,,,Panama
37,37,CZ,1733,1,2032,13,1855,46,1669,+1,+2,+1,+2,−6,−22,−9,−38,−9,−35,−8,−23,883,361,416,106,425,261,197,1626,1098,,,Czechia
38,38,PL,1729,2,2084,30,1712,63,1521,−2,−6,−2,−6,+8,+25,0,+9,−16,−78,−16,−55,919,395,410,114,400,295,224,1562,1239,,,Poland
39,39,UZ,1727,25,1766,60,1596,93,1428,+1,−1,−3,−8,+8,+30,+7,+60,+29,+165,+5,+64,365,130,128,107,180,110,75,635,398,,,Uzbekistan
39,39,VE,1727,18,1830,84,1432,122,1218,+3,+12,+2,+12,−5,−15,−6,−17,−16,−75,+17,+114,481,179,179,123,129,245,107,521,872,,,Venezuela
41,41,US,1721,9,1890,41,1642,93,1410,−7,−26,−7,−26,0,−1,−18,−77,−11,−40,−9,−31,825,487,253,85,366,286,173,1246,1073,,,United States
42,42,SE,1719,2,2013,17,1795,54,1579,+10,+59,+9,+59,−5,−17,+2,+23,−26,−126,−11,−34,1118,489,499,130,549,335,234,2226,1482,,,Sweden
43,43,KO,1714,37,1738,102,1420,119,1364,+1,0,0,0,+16,+115,+35,+204,+40,+231,+67,+323,108,48,40,20,42,43,23,153,147,,,Kosovo
44,44,CL,1710,2,2040,28,1678,59,1384,−6,−21,−6,−21,−3,−12,−4,−3,−24,−106,−35,−238,852,328,307,217,318,346,188,1194,1216,,,Chile
45,45,HU,1703,1,2234,20,1835,74,1529,+1,+5,−1,+5,−1,−12,−27,−138,−10,−42,−4,+5,1033,467,492,74,487,324,222,2069,1525,,,Hungary
46,46,EG,1699,12,1872,37,1662,70,1527,+7,+40,+8,+55,+4,+33,+9,+64,+14,+101,+6,+75,884,354,281,249,447,216,221,1545,921,,,Egypt
47,47,WA,1698,3,1910,22,1671,85,1403,−5,−17,−6,−17,−10,−38,−6,−11,−31,−147,−3,+35,733,345,356,32,236,331,166,917,1173,,,Wales
48,48,PE,1695,10,1916,34,1679,76,1485,−3,−12,−3,−2,−9,−29,−16,−50,−22,−97,−25,−82,708,266,253,189,228,304,176,857,987,,,Peru
49,49,SI,1694,26,1777,54,1625,76,1518,−2,−1,−3,−1,−16,−50,−15,−45,+4,+80,+5,+74,319,144,145,30,116,117,86,399,378,,,Slovenia
49,49,IE,1694,4,1918,24,1626,64,1237,0,+6,−2,+6,+4,+60,+13,+87,+4,+80,−21,−64,742,378,304,60,262,287,193,978,1160,,,Ireland
51,51,JO,1685,40,1701,111,1322,153,1092,−3,−4,+10,+76,+4,+66,+12,+86,+36,+211,+25,+152,583,201,192,190,206,219,158,728,714,,,Jordan
52,52,CI,1676,15,1863,45,1640,76,1476,+6,+39,+10,+69,+11,+85,+4,+47,−3,+41,−14,−46,692,241,237,214,348,166,178,1130,695,,,Ivory Coast
53,53,SK,1673,17,1775,40,1681,67,1567,−3,−14,−5,−14,−4,−11,−4,+19,−9,+18,−29,−98,366,156,166,44,149,131,86,517,457,,,Slovakia
54,54,CD,1655,20,1782,62,1557,114,1387,+3,+16,+5,+39,+14,+89,+20,+124,+30,+177,+18,+106,547,166,225,156,226,171,150,835,641,,,DR Congo
55,55,GE,1653,31,1754,70,1553,104,1434,0,+3,−3,+3,−12,−63,−5,+4,+21,+141,+38,+185,319,139,148,32,106,146,67,412,443,,,Georgia
56,56,AL,1646,38,1675,73,1504,116,1364,−5,−18,−6,−18,−2,+13,+4,+34,+15,+94,−3,+24,408,190,185,33,116,207,85,396,602,,,Albania
57,57,BO,1645,21,1798,60,1509,93,1244,−3,−12,−8,−31,−5,−6,+6,+46,+5,+67,+1,+41,536,189,205,142,122,293,121,551,1052,,,Bolivia
58,58,TN,1636,24,1757,47,1616,87,1439,+3,+22,−6,−14,0,+25,−13,−41,−11,−7,+12,+86,775,337,251,187,330,229,216,1105,839,,,Tunisia
59,59,IL,1634,23,1776,49,1621,83,1428,+1,+3,−2,+3,+2,+38,+9,+76,+2,+43,+9,+66,523,249,212,62,196,207,120,803,764,,,Israel
60,60,RO,1627,5,1945,29,1717,65,1501,−4,−15,−5,−15,−12,−58,−13,−37,−15,−19,−30,−128,800,332,376,92,354,247,199,1303,1018,,,Romania
61,61,CR,1614,9,1866,36,1690,77,1478,−2,−19,−5,−19,−10,−39,−1,+2,−9,−7,−40,−175,789,259,281,249,356,242,191,1368,916,,,Costa Rica
61,61,CM,1614,14,1850,53,1605,80,1442,+1,+8,+12,+55,+3,+26,+8,+59,+12,+66,−3,+10,661,184,247,230,287,172,202,952,712,,,Cameroon
63,63,IQ,1608,23,1740,47,1622,96,1456,+5,+26,+1,+12,+12,+69,−10,−37,−12,−21,+18,+104,760,139,231,390,360,189,211,1203,707,,,Iraq
64,64,EI,1601,13,1854,40,1655,110,1397,−1,−2,−1,−2,+6,+44,+12,+85,+2,+32,−9,−17,610,276,297,37,171,289,150,643,925,,,Northern Ireland
65,65,ML,1596,42,1650,70,1523,129,1302,+1,+7,−5,−16,−8,−16,−13,−50,+7,+45,+8,+49,624,195,234,195,249,205,170,824,716,,,Mali
66,66,NM,1592,40,1667,74,1534,110,1401,−2,0,−1,0,−10,−21,+5,+41,−7,−8,+35,+155,304,141,133,30,95,130,79,364,407,,,North Macedonia
67,67,BA,1591,20,1806,53,1626,90,1469,+2,+19,+1,+19,+12,+65,+21,+113,−18,−44,−33,−151,280,118,136,26,104,111,65,393,385,,,Bosnia and Herzegovina
68,68,NZ,1585,29,1640,66,1499,103,1334,−1,0,−2,0,−6,−10,+7,+60,+14,+100,+6,+41,439,135,189,115,181,179,79,767,645,,,New Zealand
69,69,HN,1571,23,1789,63,1500,110,1330,+1,+4,+1,+4,0,+11,+16,+84,−12,−33,+9,+45,667,212,217,238,263,231,173,964,857,,,Honduras
70,70,IS,1569,18,1841,81,1425,127,1258,+1,+7,+1,+3,+7,+38,+2,+25,−12,−32,−27,−104,526,216,251,59,160,262,104,635,882,,,Iceland
71,71,SA,1566,29,1735,76,1501,125,1256,−7,−26,−4,−12,−6,−10,−12,−47,−7,−9,+6,+39,836,322,151,363,396,246,194,1282,894,,,Saudi Arabia
72,72,CV,1549,65,1579,120,1302,146,1172,0,−12,0,−12,+8,+49,−7,−30,+23,+108,+12,+53,251,80,91,80,94,97,60,267,278,,,Cape Verde
73,73,AO,1543,52,1628,86,1456,161,1213,0,0,−4,−25,+3,+8,+7,+36,+39,+175,+41,+164,473,166,184,123,175,140,158,575,489,,,Angola
74,74,FI,1542,14,1757,62,1500,120,1246,+6,+33,+6,+33,0,+2,−16,−81,−34,−159,−7,−27,823,337,428,58,217,439,167,971,1693,,,Finland
75,75,AE,1540,37,1692,98,1396,163,983,+1,0,+1,+8,−3,−1,+4,+31,+18,+87,−26,−91,674,287,141,246,263,238,173,933,831,,,United Arab Emirates
76,76,HT,1532,37,1673,81,1418,129,1265,−2,−10,−1,−10,−5,−21,+7,+39,−7,−28,+7,+34,561,181,196,184,246,197,118,957,759,,,Haiti
77,77,BF,1530,56,1616,98,1402,137,1265,0,−4,−3,−18,+5,+31,+4,+29,−7,−23,+20,+75,491,154,186,151,170,191,130,612,672,,,Burkina Faso
78,78,JM,1527,38,1700,83,1413,133,1221,−4,−15,+1,−1,−12,−42,−24,−110,−13,−46,−17,−69,718,272,268,178,280,272,166,960,941,,,Jamaica
79,79,ZA,1517,7,1847,32,1707,99,1448,−1,−11,−2,−13,−19,−81,−13,−54,+5,+39,−16,−64,525,276,161,88,231,141,153,719,542,,,South Africa
80,80,GT,1515,30,1642,68,1486,108,1382,−1,−11,−2,−14,+4,+23,+6,+32,0,+21,+7,+29,626,205,180,241,225,235,166,877,852,,,Guatemala
81,81,BY,1513,44,1665,80,1505,120,1349,+1,+17,+1,+17,+4,+22,+14,+59,−4,+6,−19,−71,306,103,158,45,90,137,79,342,442,,,Belarus
82,82,GH,1503,10,1877,42,1651,101,1424,−2,−6,−2,−6,+5,+26,0,+3,−26,−102,−34,−132,778,247,297,234,370,213,195,1247,822,,,Ghana
83,83,SY,1491,53,1619,86,1429,123,1254,+1,+5,+5,+34,+11,+52,+13,+44,+3,+15,+1,−5,596,126,221,249,225,225,146,869,754,,,Syria
84,84,OM,1490,53,1634,127,1211,181,782,−1,0,+1,+16,−12,−51,−12,−54,−6,−15,+8,+20,591,229,144,218,222,218,151,753,780,,,Oman
85,85,BG,1475,7,1911,41,1633,98,1312,+4,+22,+5,+22,+5,+15,+5,+2,−6,−23,−29,−138,779,298,399,82,286,299,194,1092,1149,,,Bulgaria
86,86,GN,1469,21,1772,72,1516,128,1302,−1,−16,−2,−16,+7,+19,+3,−6,+9,+28,−16,−81,645,172,263,210,251,210,184,953,803,,,Guinea
86,86,PS,1469,66,1483,121,1254,160,1155,0,0,+5,+22,+9,+42,+15,+48,+17,+70,+30,+117,289,19,111,159,83,128,78,368,445,,,Palestine
88,88,NS,1457,64,1486,84,1463,103,1430,0,0,0,0,+4,0,+5,0,+3,0,+8,+1,17,5,3,9,9,6,2,30,23,,,Northern Cyprus
89,89,ME,1439,34,1720,60,1597,95,1439,+1,−4,+3,−4,−11,−88,−23,−132,−14,−91,−20,−117,172,91,76,5,57,73,42,202,237,,,Montenegro
90,90,LU,1436,24,1520,108,1256,191,979,+13,+41,+15,+41,+1,−22,−13,−77,+14,+43,+61,+197,473,257,200,16,54,357,62,308,1224,,,Luxembourg
91,91,CW,1433,26,1618,97,1381,188,1011,−4,−33,−4,−33,+37,+110,+33,+96,+6,0,+84,+308,499,173,177,149,201,174,124,880,771,,,Curaçao
92,92,SR,1431,26,1592,84,1404,170,1160,−1,−9,+1,−9,+11,+30,+43,+124,+37,+107,+69,+222,543,231,222,90,239,175,129,986,740,,,Suriname
93,93,KZ,1430,48,1622,100,1420,130,1306,+4,+20,+7,+20,+3,+4,−2,−41,+30,+79,+15,+28,270,103,121,46,70,142,58,283,450,,,Kazakhstan
94,94,BJ,1429,57,1540,109,1356,168,1131,+3,+19,+1,−5,+5,+21,+23,+83,−4,−32,+15,+35,352,129,142,81,87,181,84,364,617,,,Benin
95,95,KD,1424,94,1424,100,1424,108,1402,−1,0,+3,0,+2,0,+5,0,+4,0,+9,0,4,2,0,2,3,0,1,12,3,,,Kurdistan
96,96,CN,1423,17,1752,50,1577,112,1376,+1,+13,+7,+20,+6,+21,+8,+16,−7,−39,−30,−151,762,271,264,227,368,231,163,1420,861,,,China
96,96,QA,1423,26,1771,93,1416,164,965,−4,−2,−13,−63,−13,−75,−45,−224,−50,−221,−21,−115,698,328,147,223,289,233,176,993,826,,,Qatar
98,98,LY,1420,42,1620,82,1470,128,1321,−6,−5,−1,−5,+13,+35,+5,+12,+21,+65,−8,−52,459,164,166,129,166,185,108,621,611,,,Libya
99,99,GM,1419,88,1454,118,1309,144,1190,−5,−5,−1,−5,+17,+46,+17,+65,+17,+60,+32,+118,299,108,100,91,81,136,82,319,433,,,Gambia
100,100,BH,1418,51,1634,109,1349,155,1077,−4,0,0,+8,−20,−82,−8,−45,−33,−149,+3,−10,636,218,158,260,223,247,166,780,824,,,Bahrain
101,101,GA,1401,59,1593,95,1413,126,1268,−1,−4,−15,−66,−13,−65,−3,−29,−3,−30,−3,−47,462,184,154,124,159,174,129,551,567,,,Gabon
102,102,UG,1394,29,1625,75,1482,130,1306,+2,0,−6,−39,+7,+5,+11,+34,−11,−63,−14,−91,736,251,257,228,304,238,194,1108,887,,,Uganda
103,103,NE,1393,98,1409,133,1239,159,1082,−2,−11,−1,−11,+27,+71,+53,+156,+44,+140,+36,+118,290,100,117,73,65,157,68,286,515,,,Niger
104,104,GQ,1390,61,1604,151,1159,188,1008,+2,+8,−10,−49,−18,−100,−35,−165,+17,+38,+16,+51,195,80,64,51,56,95,44,182,287,,,Equatorial Guinea
105,105,TT,1388,11,1661,61,1505,125,1312,−3,−15,−2,−15,0,−7,−6,−39,+16,+36,−40,−191,871,344,364,163,375,303,193,1446,1127,,,Trinidad and Tobago
106,106,MG,1382,68,1508,104,1366,167,1162,+6,+14,+6,+14,+30,+84,+34,+91,+6,+14,+39,+125,356,120,120,116,136,142,78,494,532,,,Madagascar
106,106,FO,1382,61,1382,122,1252,169,1154,+1,+1,+3,+1,+41,+111,+43,+114,+38,+123,+44,+141,281,119,139,23,50,194,37,212,640,,,Faroe Islands
108,108,AM,1379,62,1589,102,1418,143,1243,−3,−10,−1,−10,+2,−7,−14,−76,−46,−199,−28,−128,281,113,132,36,66,158,57,281,537,,,Armenia
109,109,TH,1376,67,1546,112,1317,141,1125,+3,+8,+3,+8,+3,−7,−7,−42,+17,+32,−3,−36,933,388,199,346,366,358,209,1485,1406,,,Thailand
110,110,KP,1375,17,1801,63,1567,130,1315,−2,0,+1,0,+3,−6,0,+6,−2,−3,−29,−129,417,50,149,218,175,127,115,641,447,,,North Korea
111,111,ZW,1372,43,1574,78,1462,146,1278,+8,+30,+5,+20,−5,−22,+21,+52,−9,−28,0,−17,553,190,223,140,207,185,161,738,669,,,Zimbabwe
111,111,MZ,1372,83,1495,116,1332,152,1210,−1,0,−4,−17,−22,−91,+1,+9,+34,+116,+11,+38,442,166,176,100,139,192,111,465,580,,,Mozambique
113,113,ZM,1370,31,1709,60,1551,125,1343,−2,0,+1,+6,−13,−35,−26,−112,−32,−122,−27,−120,879,282,360,237,393,261,225,1389,954,,,Zambia
114,114,KM,1362,96,1433,186,941,206,830,−5,−12,−8,−30,−16,−51,+24,+59,+36,+128,+77,+391,158,29,35,94,40,81,37,144,246,,,Comoros
115,115,TG,1358,48,1603,90,1439,144,1263,+4,+16,+5,+16,+3,−12,−8,−35,+23,+84,−8,−48,493,179,198,116,157,210,126,533,673,,,Togo
116,116,KE,1356,53,1563,90,1379,140,1240,+1,+12,+2,+12,−2,−22,−11,−46,−10,−31,+10,+40,779,291,283,205,293,293,193,1073,1061,,,Kenya
117,117,VN,1351,62,1518,120,1298,177,1092,+10,+22,+10,+22,+3,−8,+30,+80,−17,−62,+35,+116,525,174,131,220,222,200,103,922,771,,,Vietnam
118,118,SD,1350,23,1707,90,1444,155,1226,−3,0,−9,−31,−14,−46,+8,+20,−11,−33,+12,+48,553,154,204,195,187,225,141,628,730,,,Sudan
119,119,SL,1348,65,1552,104,1368,158,1185,−2,+4,−1,+4,+8,+23,+16,+41,+12,+30,+2,+10,336,115,141,80,97,150,89,329,477,,,Sierra Leone
120,120,RE,1345,72,1395,125,1184,158,1047,−4,0,−3,0,+3,0,−1,0,−9,−24,−7,−36,139,53,38,48,55,55,29,237,252,,,Reunion
121,121,SV,1342,32,1606,72,1471,130,1322,+9,+18,+9,+18,−14,−51,−15,−55,−33,−124,−19,−94,685,210,209,266,227,305,153,863,1022,,,El Salvador
122,122,AZ,1340,63,1551,107,1397,143,1257,+1,+1,+2,+1,−3,−28,−38,−152,−12,−31,−10,−46,322,116,152,54,66,175,81,263,542,,,Azerbaijan
123,123,EE,1339,32,1541,94,1353,174,1088,−9,−20,−8,−20,−15,−52,−8,−16,−8,−21,−33,−133,539,229,255,55,132,287,120,531,962,,,Estonia
124,124,GP,1338,50,1530,91,1408,166,1179,0,0,+1,0,−9,−38,+4,+12,+33,+130,+13,+52,293,92,89,112,128,114,51,507,410,,,Guadeloupe
125,125,RW,1336,96,1461,144,1206,176,1035,+11,+28,+12,+28,+5,+14,0,0,+8,+36,+1,+20,290,107,100,83,90,126,74,298,364,,,Rwanda
126,126,NI,1334,65,1373,146,1031,197,900,+2,+6,+2,+6,+4,+12,+4,+13,+29,+121,+18,+73,252,63,99,90,54,166,32,258,617,,,Nicaragua
127,127,LB,1333,78,1473,108,1333,164,1166,−2,0,−1,0,−1,−7,+17,+52,−22,−56,−12,−36,420,140,144,136,123,185,112,507,619,,,Lebanon
128,128,ID,1331,39,1578,101,1361,179,1102,−7,−10,−6,−10,−3,−11,−8,−13,+51,+223,+32,+120,782,250,192,340,297,332,153,1313,1269,,,Indonesia
129,129,KW,1328,27,1734,83,1468,143,1178,−1,0,−6,−12,−1,+5,0,+4,−28,−82,−35,−139,761,269,175,317,321,248,192,1196,878,,,Kuwait
130,130,ZN,1321,102,1368,145,1119,168,936,+1,0,+1,0,+5,0,0,0,0,−2,+6,+34,217,37,45,135,39,131,47,186,458,,,Zanzibar
131,131,TZ,1313,65,1510,117,1295,169,1130,−9,−27,−2,−12,−30,−91,−10,−29,+3,+18,−12,−27,658,244,237,177,193,280,185,752,963,,,Tanzania
132,132,MQ,1312,39,1565,79,1458,133,1312,−6,−19,−12,−30,−16,−61,−35,−126,−38,−134,−33,−134,371,136,125,110,167,116,88,676,488,,,Martinique
133,133,MR,1311,98,1423,155,1116,181,912,+1,0,+2,0,−11,−35,−26,−82,−24,−63,0,+14,298,91,103,104,55,173,70,215,526,,,Mauritania
134,134,NA,1303,97,1428,136,1272,168,1117,0,−8,+1,−8,−13,−49,−24,−66,−7,−30,−10,−26,304,102,121,81,77,135,92,295,424,,,Namibia
135,135,LV,1301,41,1575,87,1399,155,1217,+8,+15,+9,+15,+3,+11,−13,−40,+5,+33,−40,−165,457,192,212,53,128,219,110,535,752,,,Latvia
135,135,CY,1301,63,1575,102,1378,141,1250,+2,−1,+3,−1,+2,+4,−2,−17,−21,−66,−30,−119,427,237,184,6,83,271,73,384,931,,,Cyprus
137,137,LR,1296,70,1518,112,1342,154,1218,+1,−3,+2,−3,+14,+34,+16,+49,−18,−59,−14,−34,340,145,143,52,90,174,76,315,519,,,Liberia
138,138,MY,1293,58,1548,122,1288,185,1054,−6,−20,−5,−20,+12,+29,+12,+27,+24,+99,+39,+181,929,390,241,298,362,356,211,1513,1348,,,Malaysia
139,139,GY,1292,15,1523,104,1293,182,1043,+8,+17,+8,+17,+9,+24,+12,+30,+20,+86,+10,+43,456,179,194,83,142,224,90,589,790,,,Guyana
140,140,KG,1291,127,1332,155,1203,178,1094,−8,−22,−7,−22,−10,−31,+6,+19,−1,+18,+19,+78,190,47,74,69,55,105,30,208,337,,,Kyrgyzstan
141,141,LT,1290,47,1662,92,1318,151,1050,+5,+14,+5,+14,−3,0,−15,−40,−24,−68,−41,−154,416,169,206,41,106,229,81,414,757,,,Lithuania
142,142,NC,1286,50,1532,103,1357,176,1089,−2,−8,−1,−8,0,+1,+15,+56,0,+20,−18,−43,285,87,71,127,141,110,34,739,419,,,New Caledonia
143,143,TJ,1285,75,1503,123,1334,164,1195,−4,−12,−3,−12,−2,−4,−34,−104,+3,+30,+19,+81,210,55,84,71,79,86,45,301,295,,,Tajikistan
143,143,BI,1285,85,1464,125,1285,168,1163,+8,+46,+8,+46,+1,+4,+2,+8,+6,+38,−25,−65,241,52,89,100,74,112,55,274,334,,,Burundi
143,143,ET,1285,39,1638,99,1393,153,1238,+5,+21,+5,+21,+2,+6,−3,−6,−15,−41,−5,+3,472,214,163,95,170,199,103,655,690,,,Ethiopia
146,146,DO,1284,138,1295,167,1060,188,930,−5,−9,−4,−9,−8,−6,+15,+76,+18,+100,+20,+115,189,86,63,40,69,88,32,299,303,,,Dominican Republic
147,147,BW,1267,100,1438,150,1167,190,996,−3,−18,−15,−52,−24,−78,−24,−72,−12,−25,−14,−30,368,166,136,66,98,166,104,311,490,,,Botswana
148,148,MD,1262,65,1556,109,1391,165,1169,−6,−26,−5,−26,−18,−60,−31,−84,+9,+54,−31,−89,300,114,145,41,60,172,68,244,520,,,Moldova
149,149,GW,1248,84,1415,126,1282,163,1178,+1,+4,+1,+4,−6,−34,−35,−111,−26,−103,−3,−8,215,66,64,85,58,104,53,215,320,,,Guinea-Bissau
150,150,MW,1241,48,1590,115,1327,151,1093,−1,−11,−1,−11,−5,−38,−11,−58,−25,−108,−22,−70,698,306,243,149,232,264,202,816,900,,,Malawi
151,151,CU,1239,21,1683,84,1438,161,1114,+2,+10,+2,+10,+2,−8,−14,−65,−3,−13,−22,−71,485,103,212,170,185,189,111,678,684,,,Cuba
152,152,CF,1237,83,1417,124,1295,167,1177,0,0,0,0,−3,−28,−18,−79,−20,−70,−10,−33,162,32,67,63,36,93,33,180,322,,,Central African Republic
152,152,MT,1237,78,1435,118,1322,171,1155,−7,−41,−7,−41,0,−18,0,−23,+2,+15,+2,+6,454,246,182,26,65,313,76,295,1018,,,Malta
154,154,GF,1223,71,1395,125,1246,172,1109,0,0,0,0,+3,0,−12,−66,−11,−39,−22,−76,190,66,67,57,57,92,41,280,328,,,French Guiana
155,155,YT,1216,149,1233,157,1202,175,1124,+1,0,+1,0,+4,0,+4,0,−3,−8,+2,−2,41,2,11,28,13,17,11,55,59,,,Mayotte
156,156,TM,1209,67,1546,117,1358,161,1205,−1,−8,−1,−8,+4,−6,+4,−4,−15,−58,−21,−83,187,42,76,69,71,82,34,288,281,,,Turkmenistan
157,157,CG,1207,33,1690,83,1470,159,1207,+2,0,+2,0,0,−16,−10,−64,−39,−149,−68,−271,474,180,188,106,173,186,115,679,662,,,Congo
158,158,LS,1205,125,1325,151,1179,179,1102,−2,−11,−2,−11,−4,−32,−5,−42,−22,−83,+18,+84,352,113,147,92,70,179,103,279,575,,,Lesotho
159,159,ER,1201,142,1246,163,1158,185,1056,+5,+62,+5,+62,+6,+62,+7,+62,+17,+62,+23,+127,86,20,28,38,17,50,19,61,137,,,Eritrea
160,160,TI,1176,49,1591,103,1386,171,1136,0,0,0,0,+1,0,+4,−7,+3,−16,−4,−49,254,58,71,125,136,82,36,693,383,,,Tahiti
161,161,PH,1167,27,1352,135,1068,220,680,+1,+12,+1,+12,+7,+37,+20,+120,+10,+12,−18,−101,395,108,127,160,97,238,60,422,1021,,,Philippines
162,162,YE,1151,109,1366,144,1212,178,1078,+1,0,+1,0,+10,+42,+10,+55,−6,−59,+3,−23,294,56,87,151,65,173,56,302,573,,,Yemen
163,163,SW,1149,119,1347,153,1168,181,1062,−5,−62,−5,−62,−7,−75,−10,−98,+14,+32,−17,−107,324,123,131,70,71,158,95,297,542,,,Eswatini
164,164,VC,1141,58,1501,110,1322,185,1030,−3,−30,−3,−30,−1,−10,+10,+57,+4,−29,+8,+1,365,138,135,92,131,150,84,566,648,,,Saint Vincent and the Grenadines
165,165,SG,1139,80,1414,134,1228,187,1041,+4,+8,+4,+8,+13,+80,+4,+18,+4,−22,+3,−28,771,321,185,265,242,372,157,1035,1394,,,Singapore
166,166,PR,1138,100,1166,169,936,203,829,+1,+4,+1,+4,+5,+21,+2,+9,+25,+143,+19,+87,195,73,67,55,46,120,29,229,488,,,Puerto Rico
167,167,PG,1135,136,1223,165,1091,188,1016,−2,0,−2,0,+6,+31,+8,+52,+6,−15,+16,+64,165,30,43,92,54,80,31,352,356,,,Papua New Guinea
168,168,IN,1128,24,1685,110,1341,186,1030,+2,+5,+2,+5,−6,−34,−6,−68,−7,−67,+15,+57,610,177,170,263,220,262,128,836,997,,,India
169,169,HK,1120,60,1533,123,1287,180,1057,−4,−15,−4,−15,−3,−18,+11,+62,−2,−51,−12,−98,512,182,151,179,177,233,102,814,871,,,Hong Kong
170,170,BM,1119,91,1431,128,1283,177,1082,+1,−1,+2,−1,−2,−11,−5,−22,−33,−165,−15,−111,235,106,82,47,79,111,45,375,414,,,Bermuda
171,171,VU,1114,111,1263,156,1104,191,959,+3,0,+3,0,+10,+69,+12,+69,−5,−58,−2,−40,225,52,51,122,70,124,31,400,482,,,Vanuatu
172,172,SS,1109,163,1155,178,1087,188,1018,−5,−25,−5,−25,−5,−24,−5,−25,+10,+30,+2,−24,81,18,29,34,13,52,16,55,145,,,South Sudan
173,173,FJ,1108,78,1466,129,1246,175,1069,+2,0,+2,0,−18,−119,−15,−113,−22,−119,−33,−164,286,106,63,117,126,105,55,644,459,,,Fiji
174,174,GD,1098,46,1548,101,1370,186,1060,−1,−21,−3,−24,+1,+25,+4,+27,−15,−108,−3,−49,310,115,116,79,103,129,78,490,561,,,Grenada
175,175,AD,1076,169,1130,182,1050,195,952,+4,−7,+4,−7,+1,+10,−4,−37,+10,+45,+20,+115,229,91,105,33,14,183,32,75,540,,,Andorra
176,176,MU,1073,36,1634,108,1335,195,930,+1,−18,+1,−18,+6,+29,+9,+62,+12,+66,+4,−30,359,124,151,84,100,174,85,450,572,,,Mauritius
176,176,TD,1073,107,1318,135,1244,176,1073,−5,−47,−4,−47,−12,−76,−13,−114,−11,−107,−28,−180,182,45,59,78,35,105,42,165,340,,,Chad
176,176,BZ,1073,61,1201,139,1114,183,1034,0,−32,0,−32,−2,−15,+1,−5,−1,−71,−12,−114,129,44,44,41,32,74,23,138,245,,,Belize
179,179,SB,1054,110,1378,147,1183,179,1041,−1,−36,−1,−36,−9,−72,−36,−233,−9,−103,−12,−114,223,59,62,102,94,92,37,480,428,,,Solomon Islands
180,180,MF,1042,155,1120,187,982,214,755,+6,+39,+6,+39,+3,−1,+13,+102,+26,+189,+26,+178,86,18,36,32,33,44,9,136,191,,,Saint Martin
181,181,ST,1035,153,1116,174,1056,190,985,−1,−21,−1,−21,+3,−3,−2,−29,+2,−29,−2,−72,82,24,36,22,11,60,11,59,213,,,Sao Tome and Principe
182,182,KN,1029,88,1387,138,1174,186,1001,+2,+24,+2,+24,−3,−26,−6,−50,−30,−195,−41,−242,252,121,80,51,104,101,47,431,396,,,Saint Kitts and Nevis
183,183,AF,1011,96,1165,167,920,210,778,−2,−24,−2,−24,−6,−50,−13,−107,−9,−138,−13,−141,165,8,66,91,37,90,38,152,336,,,Afghanistan
184,184,JS,1005,184,1005,188,1004,190,995,0,0,0,0,+2,0,+4,0,+5,0,+4,+10,2,0,0,2,1,0,1,4,3,,,Somaliland
185,185,LC,1003,67,1353,126,1241,192,977,−2,−5,−2,−5,0,−31,−12,−89,0,−28,−4,−94,264,89,108,67,90,132,42,361,485,,,Saint Lucia
186,186,GI,1002,167,1152,178,1082,189,1002,−4,−15,−4,−15,−6,−50,−4,−44,−5,−85,−8,−109,116,39,49,28,16,85,15,62,343,,,Gibraltar
187,187,EH,996,186,996,189,996,192,996,0,0,0,0,0,0,+3,0,+3,0,0,0,1,0,1,0,0,1,0,0,6,,,Western Sahara
188,188,MM,982,34,1675,125,1244,199,896,+5,+37,+5,+37,+5,+40,+9,+59,−4,−68,−2,−66,552,119,138,295,218,230,104,892,952,,,Myanmar
189,189,AW,979,51,1444,125,1199,203,880,+2,+30,+2,+30,+10,+66,0,−18,+14,+99,+9,+63,207,83,80,44,52,111,44,298,467,,,Aruba
189,189,SO,979,132,1218,166,1072,207,835,0,+18,0,+18,+11,+68,+11,+77,+7,+62,+18,+135,150,10,48,92,15,112,23,78,375,,,Somalia
191,191,SX,975,164,977,187,909,213,758,−1,+19,−1,+19,+3,+43,+12,+105,+21,+211,+13,+95,75,16,25,34,23,39,13,107,194,,,Sint Maarten
192,192,MS,971,116,1021,191,642,236,526,−4,0,−4,0,−2,+21,−8,−50,+10,+78,+35,+327,74,15,26,33,18,48,8,76,235,,,Montserrat
193,193,GL,946,163,1035,185,975,197,946,−1,0,−1,0,−1,0,−1,−7,−1,−17,+1,−17,22,2,7,13,5,16,1,35,50,,,Greenland
194,194,DJ,940,105,942,178,872,215,748,+4,+25,+4,+25,+1,+11,+2,+10,+7,+44,+20,+189,121,28,40,53,11,99,11,83,424,,,Djibouti
195,195,DM,934,59,1330,132,1196,198,932,0,−4,0,−4,−7,−36,−9,−76,−8,−77,−2,−33,246,69,97,80,60,132,54,288,488,,,Dominica
196,196,BD,932,150,1113,181,980,210,796,−2,−8,−2,−8,0,+10,−1,−2,+11,+87,+5,+32,326,92,96,138,87,166,73,298,583,,,Bangladesh
197,197,LI,904,143,1242,167,1113,201,900,+3,+4,+3,+4,+4,−2,−6,−54,−17,−195,−34,−289,257,114,124,19,19,206,32,104,722,,,Liechtenstein
198,198,MC,903,193,909,199,900,202,890,+1,0,+1,0,+4,0,+1,0,+2,0,+1,−6,9,0,1,8,4,2,3,11,15,,,Monaco
199,199,BB,898,54,1405,121,1243,200,898,−3,−23,−3,−23,−10,−59,−5,−40,−21,−212,−26,−236,375,168,132,75,117,162,96,492,616,,,Barbados
200,200,AG,894,102,1319,145,1178,201,894,+1,0,+1,0,−3,−23,−14,−116,−28,−258,−47,−338,285,116,101,68,95,136,54,394,491,,,Antigua and Barbuda
201,201,NP,893,167,1008,190,889,209,729,−4,−26,−4,−26,−10,−55,0,−3,−4,−19,−1,−12,295,74,91,130,68,174,53,247,665,,,Nepal
202,202,SC,853,157,1123,182,987,205,842,+2,+11,+2,+11,+2,+2,+2,−2,−3,−53,−12,−135,190,51,58,81,26,131,33,144,425,,,Seychelles
203,203,MV,848,162,1174,191,884,209,712,+2,+7,+2,+7,0,−29,−1,−34,−9,−100,−11,−121,239,63,82,94,67,133,39,289,534,,,Maldives
204,204,KH,844,93,1391,157,1058,222,676,−1,0,−1,0,+2,+7,+1,+1,+4,+4,+11,+108,316,80,93,143,71,200,45,361,816,,,Cambodia
205,205,SM,836,165,1015,195,917,212,770,+1,+3,+1,+3,0,−9,+7,+60,+4,+9,−2,−47,226,109,110,7,3,211,12,42,891,,,San Marino
205,205,BQ,836,81,1130,150,1037,208,820,+3,+14,+3,+14,+2,+1,+1,−5,−12,−122,−16,−154,103,19,52,32,24,67,12,116,255,,,Bonaire
207,207,LK,827,77,1045,161,932,227,647,+3,+45,+3,+45,+6,+90,+10,+115,+20,+163,+5,+67,284,70,89,125,57,177,50,274,692,,,Sri Lanka
208,208,TW,821,15,1767,144,1169,213,760,−6,−45,−6,−45,−10,−93,−10,−86,−13,−122,+2,+28,339,96,109,134,96,191,52,465,788,,,Taiwan
209,209,PK,812,69,1458,154,1101,209,787,−2,−18,−2,−18,0,−12,−2,−17,−5,−67,−13,−140,284,63,96,125,63,170,51,272,642,,,Pakistan
210,210,KY,805,153,1140,183,1000,210,795,−1,−1,−1,−1,−2,−23,−1,+7,−12,−102,−13,−141,128,60,38,30,26,77,25,124,309,,,Cayman Islands
211,211,HG,782,208,805,211,783,213,773,−1,0,−1,0,0,0,0,0,−1,+9,−2,−23,4,0,0,4,1,2,1,8,10,,,Chagos Islands
212,212,TV,756,179,819,204,745,217,719,0,0,0,0,0,0,+2,0,+2,+19,+5,+31,34,0,4,30,9,21,4,47,182,,,Tuvalu
213,213,EU,737,211,757,213,753,215,711,0,0,0,0,0,0,0,−20,0,−20,0,−20,11,3,8,0,5,2,4,33,30,,,Sint Eustatius
214,214,LA,734,144,1015,186,895,227,646,+5,+26,+5,+26,+8,+47,+11,+66,+6,+41,−6,−80,235,49,69,117,43,157,35,235,739,,,Laos
215,215,WS,728,183,744,211,659,226,601,0,0,0,0,+1,0,0,−16,+9,+51,+4,+28,77,28,15,34,23,50,4,109,279,,,Samoa
216,216,VG,727,173,932,207,788,232,590,+5,+34,+5,+34,+12,+95,+11,+74,+15,+123,+15,+123,137,35,62,40,23,90,24,127,398,,,British Virgin Islands
216,216,MN,727,147,897,190,842,227,650,−2,−2,−2,−2,−1,−2,−6,−64,0,−3,+9,+52,101,22,38,41,21,69,11,100,286,,,Mongolia
218,218,BL,725,215,730,217,706,221,694,−2,0,−2,0,−1,0,−2,0,−1,+12,+3,+31,10,7,3,0,4,5,1,25,29,,,Saint Barthelemy
219,219,GU,718,179,894,207,693,232,531,−1,+5,−1,+5,−1,+5,+3,+37,−4,−16,−14,−153,130,25,43,62,31,86,13,167,581,,,Guam
220,220,WF,699,169,734,201,699,221,674,0,0,0,0,−1,0,−2,0,−2,0,0,0,24,0,5,19,5,19,0,23,109,,,Wallis and Futuna
221,221,VA,692,212,705,218,697,223,686,+1,0,+1,0,−1,0,−2,0,0,0,+1,+6,5,0,0,5,0,3,2,1,6,,,Vatican
222,222,AB,691,216,701,223,675,227,671,+1,0,+1,0,−1,0,+2,+20,+4,+20,+4,+20,8,5,3,0,2,4,2,25,26,,,Saba
223,223,BS,685,157,940,190,871,223,685,−6,−34,−6,−34,−13,−107,−15,−131,−18,−188,−21,−214,90,30,32,28,17,62,11,90,291,,,Bahamas
224,224,PM,677,218,698,223,678,226,677,+1,0,+1,0,−1,0,−1,0,0,0,0,0,7,0,0,7,0,7,0,2,78,,,Saint Pierre and Miquelon
225,225,TL,673,215,742,226,630,236,531,−1,−7,−1,−7,0,+15,+6,+62,+3,+31,−7,−49,90,5,46,39,11,72,7,80,284,,,East Timor
226,226,TC,657,205,830,211,766,230,631,0,0,0,0,0,+9,−6,−29,−16,−116,−15,−104,56,16,22,18,13,37,6,54,197,,,Turks and Caicos Islands
227,227,AI,646,196,672,224,556,237,497,+1,+1,+1,+1,+4,+27,+8,+76,+9,+86,+10,+94,117,31,50,36,16,87,14,74,413,,,Anguilla
228,228,BT,636,185,694,219,599,238,526,+4,+22,+4,+22,−1,−1,+4,+26,+6,+69,+8,+81,115,20,39,56,12,95,8,67,415,,,Bhutan
229,229,BN,633,168,949,201,777,232,596,−2,−22,−2,−22,−5,−32,0,+9,+1,+9,+1,+26,151,29,42,80,27,111,13,119,485,,,Brunei
230,230,TE,629,177,691,208,665,231,629,−1,0,−1,0,−1,0,−2,0,−1,0,−2,−1,10,0,3,7,0,9,1,8,38,,,Tibet
231,231,VI,628,210,748,219,685,233,587,0,+10,0,+10,+2,+41,−1,+10,−8,−50,−15,−107,81,27,35,19,10,58,13,55,300,,,US Virgin Islands
232,232,CK,622,175,738,206,681,232,622,−2,0,−2,0,−2,0,−11,−62,−10,−64,−10,−64,56,4,14,38,13,39,4,50,276,,,Cook Islands
233,233,MO,588,103,1098,175,945,233,588,0,−7,0,−7,−1,−10,−7,−78,−14,−110,−4,−35,161,51,50,60,24,120,17,141,490,,,Macao
234,234,CX,578,219,614,228,577,235,513,0,0,0,0,0,0,−1,0,−1,0,−1,0,10,6,4,0,7,2,1,29,8,,,Christmas Island
235,235,FK,571,223,593,229,585,235,571,0,0,0,0,0,0,−1,0,−3,−9,−3,−9,4,0,1,3,0,4,0,0,25,,,Falkland Islands
236,236,FM,563,219,618,231,571,237,563,0,0,0,0,0,0,0,0,−1,0,−2,0,8,1,3,4,1,7,0,8,64,,,FS Micronesia
237,237,MH,559,235,571,237,559,237,559,0,0,0,0,−,−,−,−,−,−,−,−,2,0,0,2,0,2,0,2,7,,,Marshall Islands
238,238,KI,544,188,599,219,578,238,544,0,0,0,0,−1,0,−1,0,−1,0,0,0,11,0,2,9,0,10,1,7,126,,,Kiribati
239,239,TO,520,181,727,213,651,239,480,0,0,0,0,−1,0,0,+40,−1,−7,−4,−42,70,10,15,45,16,48,6,82,265,,,Tonga
240,240,NU,496,194,500,225,496,240,496,0,0,0,0,−1,0,−2,0,−1,0,−1,0,2,0,0,2,0,2,0,0,33,,,Niue
241,241,MP,432,214,682,233,512,243,396,0,0,0,0,−1,0,−1,−20,+1,+22,−1,−31,36,7,11,18,5,28,3,43,153,,,Northern Mariana Islands
242,242,CC,422,222,487,235,423,242,386,0,0,0,0,−1,0,−1,0,−1,0,0,0,10,4,6,0,2,7,1,8,29,,,Cocos Islands
243,243,PW,402,225,442,237,402,243,402,0,0,0,0,−1,0,−1,0,0,0,0,0,2,2,0,0,0,2,0,3,27,,,Palau
244,244,AS,369,190,628,226,467,244,334,0,−19,0,−19,−1,−19,−1,−7,−4,−102,−3,−93,59,0,15,44,5,52,2,36,385,,,Eastern Samoa
